,query_name,y_mask_size,pred_mask_size,intersection_size,wrong_pred_size,union,IOU,percent_y
0,0,527.0,0.0,0.0,0.0,527.0,0.0,0.0
1,2,1494.0,2251.0,835.0,1416.0,2910.0,0.2869415807560137,0.3709462461128387
2,3,1047.0,0.0,0.0,0.0,1047.0,0.0,0.0
3,4,165.0,0.0,0.0,0.0,165.0,0.0,0.0
4,5,1480.0,454.0,284.0,170.0,1650.0,0.17212121212121212,0.6255506607929515
