,query_name,y_mask_size,pred_mask_size,intersection_size,wrong_pred_size,union,IOU,percent_y
0,0,527.0,177.0,0.0,177.0,704.0,0.0,0.0
1,2,1494.0,2800.0,943.0,1857.0,3351.0,0.28140853476574157,0.3367857142857143
2,3,1047.0,8639.0,224.0,8415.0,9462.0,0.023673641936165717,0.02592892695913879
3,4,165.0,11256.0,0.0,11256.0,11421.0,0.0,0.0
4,5,1480.0,4198.0,63.0,4135.0,5615.0,0.011219946571682992,0.01500714626012387
