,query_name,y_mask_size,pred_mask_size,intersection_size,wrong_pred_size,union,IOU,percent_y
0,0,527.0,807,0,807,1334.0,0.0,0.0
1,2,1494.0,2396,760,1636,3130.0,0.24281150159744408,0.31719532554257096
2,3,1047.0,2816,4,2812,3859.0,0.0010365379632029023,0.0014204545454545455
3,4,165.0,4512,22,4490,4655.0,0.00472610096670247,0.004875886524822695
4,5,1480.0,1010,33,977,2457.0,0.013431013431013432,0.032673267326732675
